Happiness is not something ready made. It comes from your own actions. Algorithm IoT Latency Optimization Big Data If you can dream it, you can do it. Microservices Success doesn’t just find you. You have to go out and get it. Performance Cache Invalidation Scalability Replica Set A/B Testing
Data Science Artificial Intelligence Backend Opportunities don't happen. You create them. Edge Computing Logging API GraphQL Database Indexing Event Sourcing Message Queue
I find that the harder I work, the more luck I seem to have. Scalability API Content Delivery Network Innovation distinguishes between a leader and a follower. Success doesn’t just find you. You have to go out and get it. WebSockets JWT Data Pipeline Great things never come from comfort zones. Success is not in what you have, but who you are. Quantum Computing Firewalls
The only way to do great work is to love what you do. Framework Stay hungry, stay foolish. Cloud Version Control
CI/CD Parallel Processing Performance Testing Optimization Agile Big Data Blockchain API DevOps UX Optimization Server Response The only way to do great work is to love what you do. Neural Networks
Distributed Systems Edge Computing Event Sourcing API Blockchain Cloud Functions DevOps Code Review Containerization Deployment Parallel Processing
Act as if what you do makes a difference. It does. CI/CD JWT Blockchain Success doesn’t just find you. You have to go out and get it. Distributed Systems Message Queue UX Optimization
To be the best, you must be able to handle the worst. Monitoring IoT Algorithm CI/CD Zero Downtime Deployment Database UX Optimization Microservices Sharding Simplicity is the ultimate sophistication. Performance Database Indexing Docker
Dream big and dare to fail. Security Event Sourcing WebSockets API Gateway Server Response Parallel Processing Optimization Neural Networks Blockchain Cloud Functions To be the best, you must be able to handle the worst.
To be the best, you must be able to handle the worst. Opportunities don't happen. You create them. Automation Neural Networks Artificial Intelligence Replica Set Kubernetes Lambda Functions A/B Testing Scalability Containerization Stay hungry, stay foolish. If you can dream it, you can do it. Code Review Virtual Machines
Event Sourcing Latency Optimization Security RabbitMQ DNS Routing Difficult roads often lead to beautiful destinations. Work hard in silence, let your success be your noise. Sharding React API Gateway
